rank,m_name,f_name
1,Daniel,Isabella
2,Anthony,Emily
3,Angel,Sophia
4,Jacob,Samantha
5,David,Ashley
6,Alexander,Natalie
7,Andrew,Mia
8,Joshua,Emma
9,Christopher,Abigail
10,Jose,Ava
11,Matthew,Olivia
12,Nathan,Elizabeth
13,Ethan,Madison
14,Michael,Valeria
15,Jonathan,Alyssa
16,Joseph,Chloe
17,Diego,Sofia
18,Adrian,Kimberly
19,Jayden,Brianna
20,Brandon,Victoria
21,Isaac,Andrea
22,Noah,Camila
23,Kevin,Jocelyn
24,Christian,Jasmine
25,Ryan,Vanessa
26,Aiden,Alexa
27,Luis,Evelyn
28,Julian,Kayla
29,Juan,Hailey
30,Jesus,Alexis
31,Gabriel,Valerie
32,Aaron,Sarah
33,Dylan,Melanie
34,Carlos,Audrey
35,Isaiah,Genesis
36,William,Giselle
37,Benjamin,Jessica
38,Nicholas,Hannah
39,James,Allison
40,Samuel,Angelina
41,Elijah,Grace
42,Sebastian,Maria
43,Justin,Lily
44,Miguel,Destiny
45,Bryan,Stephanie
46,Logan,Jennifer
47,Jason,Michelle
48,Tyler,Ella
49,John,Maya
50,Alejandro,Natalia
51,Evan,Ariana
52,Jordan,Savannah
53,Gavin,Alexandra
54,Aidan,Daniela
55,Robert,Katherine
56,Jack,Leslie
57,Luke,Kaylee
58,Oscar,Lauren
59,Damian,Ruby
60,Lucas,Melissa
61,Victor,Zoe
62,Brian,Isabel
63,Ivan,Arianna
64,Ricardo,Taylor
65,Adam,Jacqueline
66,Jorge,Mariah
67,Eric,Diana
68,Caleb,Leah
69,Eduardo,Daisy
70,Alex,Julia
71,Zachary,Nicole
72,Andres,Gabriella
73,Jackson,Nevaeh
74,Xavier,Addison
75,Omar,Amy
76,Cesar,Kaitlyn
77,Jesse,Sophie
78,Nathaniel,Gabriela
79,Mason,Gianna
80,Alan,Angela
81,Steven,Layla
82,Ian,Alondra
83,Dominic,Kylie
84,Sean,Madeline
85,Francisco,Makayla
86,Giovanni,Brooke
87,Thomas,Aubrey
88,Fernando,Briana
89,Antonio,Sydney
90,Joel,Delilah
91,Richard,Riley
92,Austin,Aaliyah
93,Jeremiah,Liliana
94,Emmanuel,Naomi
95,Santiago,Charlotte
96,Alexis,Claire
97,Henry,Katelyn
98,Leonardo,Brooklyn
99,Jaden,Jazmin
100,Vincent,Karen
